{
    "fidelity_params": {
        "f1": 0.9999,
        "f2": 0.994
    },
    "time_params": {
        "T_o": 0.0003, 
        "D_o": 0.00005,
        "D_i": 0.00003,
        "T_2": 1.5,
        "T1": 0.000015,
        "T2": 0.000025
    },
    "gate_times": {
        "G1T": 0.000000025,
        "G2T": 0.000000015
    }
}